{"cameraMode":{"drawMode":0,"name":"Shaded","section":"Shading Mode"},"sceneLighting":true,"audioPlay":false,"sceneViewState":{"showFog":true,"showMaterialUpdate":false,"showSkybox":true,"showFlares":true,"showImageEffects":true,"showParticleSystems":true},"in2DMode":false,"pivot":{"x":-16.39794921875,"y":-0.712646484375,"z":-13.0537109375},"rotation":{"x":-0.013828271999955178,"y":0.9807283282279968,"z":-0.07547777146100998,"w":-0.17967809736728669},"size":28.69252586364746,"orthographic":true}