{"cameraMode":{"drawMode":0,"name":"Shaded","section":"Shading Mode"},"sceneLighting":true,"audioPlay":false,"sceneViewState":{"showFog":true,"showMaterialUpdate":false,"showSkybox":true,"showFlares":true,"showImageEffects":true,"showParticleSystems":true},"in2DMode":false,"pivot":{"x":-10.56265640258789,"y":11.413732528686524,"z":-3.958209991455078},"rotation":{"x":-0.29974275827407839,"y":-0.41706621646881106,"z":0.14791209995746613,"w":-0.8451833724975586},"size":1.8073949813842774,"orthographic":false}