{"cameraMode":{"drawMode":0,"name":"Shaded","section":"Shading Mode"},"sceneLighting":true,"audioPlay":false,"sceneViewState":{"showFog":true,"showMaterialUpdate":false,"showSkybox":true,"showFlares":true,"showImageEffects":true,"showParticleSystems":true},"in2DMode":false,"pivot":{"x":-1.7405424118041993,"y":1.982191562652588,"z":4.895147800445557},"rotation":{"x":-0.1565234661102295,"y":0.4537509083747864,"z":-0.08130834251642227,"w":-0.8734982013702393},"size":9.859108924865723,"orthographic":false}