{"cameraMode":{"drawMode":0,"name":"Shaded","section":"Shading Mode"},"sceneLighting":true,"audioPlay":false,"sceneViewState":{"showFog":true,"showMaterialUpdate":false,"showSkybox":true,"showFlares":true,"showImageEffects":true,"showParticleSystems":true},"in2DMode":false,"pivot":{"x":0.2276897430419922,"y":2.884315013885498,"z":4.596962928771973},"rotation":{"x":-0.12813757359981538,"y":0.4974673390388489,"z":-0.07457922399044037,"w":-0.8547188639640808},"size":11.685888290405274,"orthographic":false}