{"cameraMode":{"drawMode":0,"name":"Shaded","section":"Shading Mode"},"sceneLighting":false,"audioPlay":false,"sceneViewState":{"showFog":true,"showMaterialUpdate":false,"showSkybox":false,"showFlares":true,"showImageEffects":true,"showParticleSystems":true},"in2DMode":false,"pivot":{"x":-8.770000457763672,"y":-1.958901286125183,"z":-3.2303199768066408},"rotation":{"x":-0.119574174284935,"y":0.8762988448143005,"z":-0.28148531913757326,"w":-0.3722495436668396},"size":2.941312789916992,"orthographic":false}