{"cameraMode":{"drawMode":0,"name":"Shaded","section":"Shading Mode"},"sceneLighting":false,"audioPlay":false,"sceneViewState":{"showFog":true,"showMaterialUpdate":false,"showSkybox":false,"showFlares":true,"showImageEffects":true,"showParticleSystems":true},"in2DMode":false,"pivot":{"x":-8.770000457763672,"y":-1.959136962890625,"z":-3.1220409870147707},"rotation":{"x":-0.18728014826774598,"y":0.50591641664505,"z":-0.11356157064437866,"w":-0.8343205451965332},"size":2.5549778938293459,"orthographic":false}