{"cameraMode":{"drawMode":0,"name":"Shaded","section":"Shading Mode"},"sceneLighting":true,"audioPlay":false,"sceneViewState":{"showFog":true,"showMaterialUpdate":false,"showSkybox":true,"showFlares":true,"showImageEffects":true,"showParticleSystems":true},"in2DMode":false,"pivot":{"x":-14.245506286621094,"y":-7.491091251373291,"z":-6.001054763793945},"rotation":{"x":-0.15817727148532868,"y":0.5920507311820984,"z":-0.11989730596542359,"w":-0.781076967716217},"size":18.96417236328125,"orthographic":false}